{
  "traduction": {
    "tvoc": "Tvoc",
    "illumintation": "Luminosité",
    "activity": "Activité",
    "co2": "CO2",
    "temperature": "Température",
    "humidity": "Humidité",
    "infrared_and_visible": "Infrarouge et Visible",
    "infrared": "Infrarouge",
    "pressure": "Pression"
  },
  "roomNames": [
    "B103",
    "E101",
    "E207",
    "E209",
    "B111",
    "B234",
    "B113",
    "E104",
    "E006",
    "E003",
    "B112",
    "B217",
    "C002",
    "E001",
    "B108",
    "C102",
    "E007",
    "B203",
    "amphi1",
    "E208",
    "E210",
    "E106",
    "E004",
    "B001",
    "B202",
    "C004",
    "Foyer-personnels",
    "Local-velo",
    "B201",
    "C001",
    "B109",
    "B002",
    "Salle-conseil",
    "Foyer-etudiants-entrÃ©e",
    "C101",
    "B105",
    "E100",
    "C006",
    "hall-amphi",
    "E102",
    "E103",
    "B110",
    "hall-entrÃ©e-principale",
    "B106",
    "B005",
    "E105",
    "B107"
  ],
  "communes": {
    "chosenData": [
      "co2"
    ],
    "pathResultJson": "./iot/result.json",
    "chosenRooms": [
      "B002"
    ]
  },
  "config": {
    "winiFilePath": "./iot/config.ini"
  },
  "seuils": {
    "tvoc": "0,300",
    "activity": "0,300",
    "illumination": "0,800",
    "co2": "500,3000",
    "temperature": "0, 300",
    "humidity": "0, 100",
    "infrared_and_visible": "0,1000",
    "infrared": "0,300",
    "pressure": "500,2000"
  }
}