{
    "solarpanel": {
        "0": 712.99335,
        "1": 550.4175,
        "2": 905.1979,
        "3": 1065.0377,
        "4": 815.2279,
        "5": 815.2279,
        "6": 815.2279,
        "7": 689.59155,
        "8": 689.59155,
        "9": 689.59155,
        "10": 1058.3834,
        "11": 1108.1301,
        "12": 1920.8408,
        "13": 184.79707,
        "14": 184.79707,
        "15": 184.79707,
        "16": 293.62674,
        "17": 293.62674,
        "18": 447.26273,
        "19": 447.26273,
        "20": 447.26273,
        "21": 447.26273,
        "22": 560.1133,
        "23": 491.54572,
        "24": 491.54572,
        "25": 491.54572,
        "26": 491.54572,
        "27": 491.54572,
        "28": 412.41934,
        "29": 412.41934,
        "30": 412.41934,
        "31": 412.41934,
        "32": 385.1187,
        "33": 476.60327,
        "34": 476.60327,
        "35": 476.60327,
        "36": 476.60327,
        "37": 2415.337,
        "38": 2308.496,
        "39": 2430.2166,
        "40": 2799.7917,
        "41": 2799.7917,
        "42": 2799.7917,
        "43": 1264.6144,
        "44": 2308.1836,
        "45": 2308.1836,
        "46": 2308.1836
    },
    "B103": {
        "0": {
            "humidity": 55.0,
            "temperature": 21.2,
            "co2": 3551.0
        },
        "1": {
            "humidity": 52.0,
            "temperature": 20.7,
            "co2": 2529.0
        },
        "2": {
            "humidity": 52.0,
            "temperature": 20.7,
            "co2": 2566.0
        },
        "3": {
            "humidity": 52.0,
            "temperature": 20.7,
            "co2": 2607.0
        },
        "4": {
            "humidity": 52.0,
            "temperature": 20.7,
            "co2": 2668.0
        },
        "5": {
            "humidity": 52.0,
            "temperature": 20.7,
            "co2": 2756.0
        },
        "6": {
            "humidity": 54.5,
            "temperature": 21.3,
            "co2": 2474.0
        },
        "7": {
            "humidity": 55.0,
            "temperature": 21.4,
            "co2": 2561.0
        }
    },
    "E101": {
        "0": {
            "humidity": 51.0,
            "temperature": 19.1,
            "co2": 500.0
        },
        "1": {
            "humidity": 46.0,
            "temperature": 20.2,
            "co2": 457.0
        },
        "2": {
            "humidity": 46.5,
            "temperature": 20.2,
            "co2": 452.0
        },
        "3": {
            "humidity": 46.5,
            "temperature": 20.1,
            "co2": 439.0
        },
        "4": {
            "humidity": 46.5,
            "temperature": 20.1,
            "co2": 430.0
        },
        "5": {
            "humidity": 46.5,
            "temperature": 20.1,
            "co2": 435.0
        },
        "6": {
            "humidity": 53.5,
            "temperature": 20.8,
            "co2": 451.0
        },
        "7": {
            "humidity": 53.0,
            "temperature": 20.9,
            "co2": 444.0
        }
    },
    "E207": {
        "0": {
            "humidity": 47.5,
            "temperature": 20.4,
            "co2": 633.0
        },
        "1": {
            "humidity": 46.5,
            "temperature": 20.6,
            "co2": 501.0
        },
        "2": {
            "humidity": 46.0,
            "temperature": 20.5,
            "co2": 489.0
        },
        "3": {
            "humidity": 46.5,
            "temperature": 20.4,
            "co2": 501.0
        },
        "4": {
            "humidity": 46.5,
            "temperature": 20.6,
            "co2": 558.0
        },
        "5": {
            "humidity": 47.0,
            "temperature": 20.7,
            "co2": 619.0
        },
        "6": {
            "humidity": 54.5,
            "temperature": 20.7,
            "co2": 568.0
        },
        "7": {
            "humidity": 54.5,
            "temperature": 20.7,
            "co2": 550.0
        }
    },
    "E209": {
        "0": {
            "humidity": 48.5,
            "temperature": 22.4,
            "co2": 1005.0
        },
        "1": {
            "humidity": 44.5,
            "temperature": 22.2,
            "co2": 512.0
        },
        "2": {
            "humidity": 44.5,
            "temperature": 22.1,
            "co2": 502.0
        },
        "3": {
            "humidity": 44.5,
            "temperature": 22.1,
            "co2": 496.0
        },
        "4": {
            "humidity": 44.5,
            "temperature": 22.0,
            "co2": 487.0
        },
        "5": {
            "humidity": 44.5,
            "temperature": 22.1,
            "co2": 558.0
        },
        "6": {
            "humidity": 50.5,
            "temperature": 21.9,
            "co2": 453.0
        }
    },
    "B111": {
        "0": {
            "humidity": 52.5,
            "temperature": 19.2,
            "co2": 455.0
        },
        "1": {
            "humidity": 51.0,
            "temperature": 19.3,
            "co2": 431.0
        },
        "2": {
            "humidity": 51.0,
            "temperature": 19.2,
            "co2": 427.0
        },
        "3": {
            "humidity": 51.0,
            "temperature": 19.2,
            "co2": 423.0
        },
        "4": {
            "humidity": 51.0,
            "temperature": 19.2,
            "co2": 429.0
        },
        "5": {
            "humidity": 51.0,
            "temperature": 19.3,
            "co2": 427.0
        },
        "6": {
            "humidity": 58.5,
            "temperature": 20.8,
            "co2": 1513.0
        }
    },
    "B234": {
        "0": {
            "humidity": 52.0,
            "temperature": 23.3,
            "co2": 1911.0
        },
        "1": {
            "humidity": 49.0,
            "temperature": 22.8,
            "co2": 1290.0
        },
        "2": {
            "humidity": 49.0,
            "temperature": 22.8,
            "co2": 1244.0
        },
        "3": {
            "humidity": 49.0,
            "temperature": 22.8,
            "co2": 1203.0
        },
        "4": {
            "humidity": 48.5,
            "temperature": 22.7,
            "co2": 1164.0
        },
        "5": {
            "humidity": 48.5,
            "temperature": 22.7,
            "co2": 1128.0
        },
        "6": {
            "humidity": 56.5,
            "temperature": 20.9,
            "co2": 1011.0
        }
    },
    "B113": {
        "0": {
            "humidity": 65.0,
            "temperature": 18.9,
            "co2": 1657.0
        },
        "1": {
            "humidity": 64.0,
            "temperature": 18.6,
            "co2": 1400.0
        },
        "2": {
            "humidity": 64.0,
            "temperature": 18.6,
            "co2": 1390.0
        },
        "3": {
            "humidity": 63.5,
            "temperature": 18.6,
            "co2": 1375.0
        },
        "4": {
            "humidity": 63.5,
            "temperature": 18.6,
            "co2": 1360.0
        },
        "5": {
            "humidity": 63.5,
            "temperature": 18.6,
            "co2": 1347.0
        },
        "6": {
            "humidity": 68.0,
            "temperature": 19.8,
            "co2": 2558.0
        }
    },
    "E104": {
        "0": {
            "humidity": 51.5,
            "temperature": 22.1,
            "co2": 1213.0
        },
        "1": {
            "humidity": 47.0,
            "temperature": 21.1,
            "co2": 573.0
        },
        "2": {
            "humidity": 47.0,
            "temperature": 21.0,
            "co2": 546.0
        },
        "3": {
            "humidity": 47.0,
            "temperature": 20.9,
            "co2": 535.0
        },
        "4": {
            "humidity": 47.0,
            "temperature": 20.8,
            "co2": 527.0
        },
        "5": {
            "humidity": 47.0,
            "temperature": 20.8,
            "co2": 516.0
        }
    },
    "E006": {
        "0": {
            "humidity": 52.0,
            "temperature": 21.8,
            "co2": 871.0
        },
        "1": {
            "humidity": 46.0,
            "temperature": 21.9,
            "co2": 537.0
        },
        "2": {
            "humidity": 46.0,
            "temperature": 21.9,
            "co2": 518.0
        },
        "3": {
            "humidity": 46.0,
            "temperature": 21.8,
            "co2": 509.0
        },
        "4": {
            "humidity": 45.5,
            "temperature": 21.8,
            "co2": 489.0
        },
        "5": {
            "humidity": 45.5,
            "temperature": 21.8,
            "co2": 486.0
        },
        "6": {
            "humidity": 52.5,
            "temperature": 21.9,
            "co2": 542.0
        }
    },
    "E003": {
        "0": {
            "humidity": 53.0,
            "temperature": 20.7,
            "co2": 832.0
        },
        "1": {
            "humidity": 46.5,
            "temperature": 20.8,
            "co2": 467.0
        },
        "2": {
            "humidity": 46.5,
            "temperature": 20.8,
            "co2": 457.0
        },
        "3": {
            "humidity": 46.5,
            "temperature": 20.8,
            "co2": 451.0
        },
        "4": {
            "humidity": 46.0,
            "temperature": 20.8,
            "co2": 448.0
        },
        "5": {
            "humidity": 46.0,
            "temperature": 20.8,
            "co2": 454.0
        },
        "6": {
            "humidity": 51.0,
            "temperature": 22.7,
            "co2": 586.0
        }
    },
    "B112": {
        "0": {
            "humidity": 57.5,
            "temperature": 20.3,
            "co2": 1079.0
        },
        "1": {
            "humidity": 52.5,
            "temperature": 20.0,
            "co2": 739.0
        },
        "2": {
            "humidity": 52.5,
            "temperature": 19.9,
            "co2": 699.0
        },
        "3": {
            "humidity": 52.5,
            "temperature": 19.8,
            "co2": 688.0
        },
        "4": {
            "humidity": 52.5,
            "temperature": 19.7,
            "co2": 677.0
        },
        "5": {
            "humidity": 62.0,
            "temperature": 21.3,
            "co2": 2272.0
        }
    },
    "B217": {
        "0": {
            "humidity": 57.0,
            "temperature": 20.1,
            "co2": 1318.0
        },
        "1": {
            "humidity": 53.0,
            "temperature": 19.8,
            "co2": 831.0
        },
        "2": {
            "humidity": 52.5,
            "temperature": 19.8,
            "co2": 784.0
        },
        "3": {
            "humidity": 52.5,
            "temperature": 19.8,
            "co2": 755.0
        },
        "4": {
            "humidity": 52.5,
            "temperature": 19.7,
            "co2": 729.0
        },
        "5": {
            "humidity": 57.0,
            "temperature": 19.6,
            "co2": 492.0
        }
    },
    "C002": {
        "0": {
            "humidity": 50.0,
            "temperature": 20.1,
            "co2": 497.0
        },
        "1": {
            "humidity": 50.0,
            "temperature": 20.1,
            "co2": 499.0
        },
        "2": {
            "humidity": 50.0,
            "temperature": 20.1,
            "co2": 493.0
        },
        "3": {
            "humidity": 50.0,
            "temperature": 20.1,
            "co2": 494.0
        },
        "4": {
            "humidity": 50.0,
            "temperature": 20.1,
            "co2": 481.0
        },
        "5": {
            "humidity": 53.0,
            "temperature": 20.3,
            "co2": 465.0
        }
    },
    "E001": {
        "0": {
            "humidity": 61.0,
            "temperature": 21.6,
            "co2": 1801.0
        },
        "1": {
            "humidity": 48.0,
            "temperature": 20.2,
            "co2": 438.0
        },
        "2": {
            "humidity": 48.5,
            "temperature": 20.2,
            "co2": 431.0
        },
        "3": {
            "humidity": 48.5,
            "temperature": 20.1,
            "co2": 422.0
        },
        "4": {
            "humidity": 56.0,
            "temperature": 21.1,
            "co2": 560.0
        }
    },
    "B108": {
        "0": {
            "humidity": 58.0,
            "temperature": 18.4,
            "co2": 1136.0
        },
        "1": {
            "humidity": 57.5,
            "temperature": 18.4,
            "co2": 1025.0
        },
        "2": {
            "humidity": 57.5,
            "temperature": 18.4,
            "co2": 1029.0
        },
        "3": {
            "humidity": 57.5,
            "temperature": 18.5,
            "co2": 1026.0
        },
        "4": {
            "humidity": 57.5,
            "temperature": 18.4,
            "co2": 1027.0
        },
        "5": {
            "humidity": 64.0,
            "temperature": 19.2,
            "co2": 2381.0
        },
        "6": {
            "humidity": 64.0,
            "temperature": 19.2,
            "co2": 2346.0
        }
    },
    "C102": {
        "0": {
            "humidity": 54.5,
            "temperature": 18.3,
            "co2": 507.0
        },
        "1": {
            "humidity": 54.5,
            "temperature": 18.3,
            "co2": 501.0
        },
        "2": {
            "humidity": 54.5,
            "temperature": 18.3,
            "co2": 489.0
        },
        "3": {
            "humidity": 54.5,
            "temperature": 18.3,
            "co2": 490.0
        },
        "4": {
            "humidity": 54.5,
            "temperature": 18.3,
            "co2": 493.0
        },
        "5": {
            "humidity": 59.0,
            "temperature": 19.2,
            "co2": 514.0
        },
        "6": {
            "humidity": 59.5,
            "temperature": 19.2,
            "co2": 513.0
        }
    },
    "E007": {
        "0": {
            "humidity": 52.0,
            "temperature": 21.9,
            "co2": 910.0
        },
        "1": {
            "humidity": 45.5,
            "temperature": 21.4,
            "co2": 490.0
        },
        "2": {
            "humidity": 46.0,
            "temperature": 21.4,
            "co2": 490.0
        },
        "3": {
            "humidity": 46.0,
            "temperature": 21.4,
            "co2": 482.0
        },
        "4": {
            "humidity": 46.0,
            "temperature": 21.4,
            "co2": 486.0
        },
        "5": {
            "humidity": 51.0,
            "temperature": 22.3,
            "co2": 535.0
        },
        "6": {
            "humidity": 51.0,
            "temperature": 22.3,
            "co2": 514.0
        }
    },
    "B203": {
        "0": {
            "humidity": 62.5,
            "temperature": 23.3,
            "co2": 3192.0
        },
        "1": {
            "humidity": 58.5,
            "temperature": 23.1,
            "co2": 2438.0
        },
        "2": {
            "humidity": 59.0,
            "temperature": 23.3,
            "co2": 2588.0
        },
        "3": {
            "humidity": 59.0,
            "temperature": 23.5,
            "co2": 2695.0
        },
        "4": {
            "humidity": 59.5,
            "temperature": 23.6,
            "co2": 2851.0
        },
        "5": {
            "humidity": 60.0,
            "temperature": 22.4,
            "co2": 1711.0
        },
        "6": {
            "humidity": 61.5,
            "temperature": 22.7,
            "co2": 1992.0
        }
    },
    "amphi1": {
        "0": {
            "humidity": 52.0,
            "temperature": 22.1,
            "co2": 820.0
        },
        "1": {
            "humidity": 47.5,
            "temperature": 21.0,
            "co2": 433.0
        },
        "2": {
            "humidity": 47.5,
            "temperature": 21.1,
            "co2": 448.0
        },
        "3": {
            "humidity": 47.5,
            "temperature": 21.5,
            "co2": 471.0
        },
        "4": {
            "humidity": 47.5,
            "temperature": 21.7,
            "co2": 547.0
        },
        "5": {
            "humidity": 54.0,
            "temperature": 21.8,
            "co2": 479.0
        },
        "6": {
            "humidity": 54.5,
            "temperature": 21.7,
            "co2": 476.0
        }
    },
    "E208": {
        "0": {
            "humidity": 52.0,
            "temperature": 19.5,
            "co2": 534.0
        },
        "1": {
            "humidity": 49.0,
            "temperature": 19.7,
            "co2": 506.0
        },
        "2": {
            "humidity": 49.0,
            "temperature": 19.6,
            "co2": 502.0
        },
        "3": {
            "humidity": 49.0,
            "temperature": 19.7,
            "co2": 506.0
        },
        "4": {
            "humidity": 49.0,
            "temperature": 19.7,
            "co2": 523.0
        },
        "5": {
            "humidity": 49.0,
            "temperature": 19.7,
            "co2": 547.0
        },
        "6": {
            "humidity": 56.5,
            "temperature": 19.6,
            "co2": 483.0
        },
        "7": {
            "humidity": 57.0,
            "temperature": 19.7,
            "co2": 482.0
        }
    },
    "E210": {
        "0": {
            "humidity": 52.5,
            "temperature": 21.0,
            "co2": 859.0
        },
        "1": {
            "humidity": 48.0,
            "temperature": 21.2,
            "co2": 506.0
        },
        "2": {
            "humidity": 48.0,
            "temperature": 21.1,
            "co2": 502.0
        },
        "3": {
            "humidity": 47.5,
            "temperature": 21.1,
            "co2": 488.0
        },
        "4": {
            "humidity": 47.5,
            "temperature": 21.1,
            "co2": 476.0
        },
        "5": {
            "humidity": 47.5,
            "temperature": 21.1,
            "co2": 469.0
        },
        "6": {
            "humidity": 51.0,
            "temperature": 22.4,
            "co2": 436.0
        },
        "7": {
            "humidity": 51.0,
            "temperature": 22.5,
            "co2": 439.0
        }
    },
    "E106": {
        "0": {
            "humidity": 51.5,
            "temperature": 20.5,
            "co2": 781.0
        },
        "1": {
            "humidity": 48.5,
            "temperature": 20.4,
            "co2": 560.0
        },
        "2": {
            "humidity": 48.5,
            "temperature": 20.3,
            "co2": 530.0
        },
        "3": {
            "humidity": 48.0,
            "temperature": 20.3,
            "co2": 519.0
        },
        "4": {
            "humidity": 48.0,
            "temperature": 20.3,
            "co2": 501.0
        },
        "5": {
            "humidity": 48.0,
            "temperature": 20.3,
            "co2": 492.0
        },
        "6": {
            "humidity": 53.5,
            "temperature": 21.8,
            "co2": 909.0
        },
        "7": {
            "humidity": 52.5,
            "temperature": 21.2,
            "co2": 540.0
        }
    },
    "E004": {
        "0": {
            "humidity": 51.0,
            "temperature": 20.0,
            "co2": 473.0
        },
        "1": {
            "humidity": 47.5,
            "temperature": 20.2,
            "co2": 445.0
        },
        "2": {
            "humidity": 47.5,
            "temperature": 20.2,
            "co2": 440.0
        },
        "3": {
            "humidity": 47.5,
            "temperature": 20.2,
            "co2": 436.0
        },
        "4": {
            "humidity": 47.5,
            "temperature": 20.2,
            "co2": 435.0
        },
        "5": {
            "humidity": 47.5,
            "temperature": 20.2,
            "co2": 434.0
        },
        "6": {
            "humidity": 54.0,
            "temperature": 22.8,
            "co2": 1090.0
        },
        "7": {
            "humidity": 52.0,
            "temperature": 22.3,
            "co2": 619.0
        }
    },
    "B001": {
        "0": {
            "humidity": 51.0,
            "temperature": 22.1,
            "co2": 1199.0
        },
        "1": {
            "humidity": 50.0,
            "temperature": 21.6,
            "co2": 919.0
        },
        "2": {
            "humidity": 50.0,
            "temperature": 21.5,
            "co2": 889.0
        },
        "3": {
            "humidity": 49.5,
            "temperature": 21.4,
            "co2": 857.0
        },
        "4": {
            "humidity": 49.5,
            "temperature": 21.4,
            "co2": 841.0
        },
        "5": {
            "humidity": 49.5,
            "temperature": 21.3,
            "co2": 813.0
        },
        "6": {
            "humidity": 53.5,
            "temperature": 20.3,
            "co2": 645.0
        },
        "7": {
            "humidity": 54.0,
            "temperature": 20.6,
            "co2": 884.0
        }
    },
    "B202": {
        "0": {
            "humidity": 66.5,
            "temperature": 20.8,
            "co2": 2416.0
        },
        "1": {
            "humidity": 62.5,
            "temperature": 19.9,
            "co2": 1651.0
        },
        "2": {
            "humidity": 62.5,
            "temperature": 19.8,
            "co2": 1604.0
        },
        "3": {
            "humidity": 62.0,
            "temperature": 19.7,
            "co2": 1563.0
        },
        "4": {
            "humidity": 62.0,
            "temperature": 19.7,
            "co2": 1548.0
        },
        "5": {
            "humidity": 62.0,
            "temperature": 19.6,
            "co2": 1516.0
        },
        "6": {
            "humidity": 64.0,
            "temperature": 20.9,
            "co2": 1363.0
        }
    },
    "C004": {
        "0": {
            "humidity": 57.5,
            "temperature": 18.9,
            "co2": 837.0
        },
        "1": {
            "humidity": 57.0,
            "temperature": 18.8,
            "co2": 777.0
        },
        "2": {
            "humidity": 57.0,
            "temperature": 18.8,
            "co2": 811.0
        },
        "3": {
            "humidity": 57.0,
            "temperature": 18.9,
            "co2": 845.0
        },
        "4": {
            "humidity": 57.0,
            "temperature": 18.8,
            "co2": 828.0
        },
        "5": {
            "humidity": 57.0,
            "temperature": 18.7,
            "co2": 792.0
        },
        "6": {
            "humidity": 59.5,
            "temperature": 17.5,
            "co2": 429.0
        }
    },
    "Foyer-personnels": {
        "0": {
            "humidity": 55.0,
            "temperature": 18.8,
            "co2": 663.0
        },
        "1": {
            "humidity": 55.0,
            "temperature": 19.9,
            "co2": 1041.0
        },
        "2": {
            "humidity": 51.5,
            "temperature": 19.5,
            "co2": 613.0
        },
        "3": {
            "humidity": 50.5,
            "temperature": 19.2,
            "co2": 521.0
        },
        "4": {
            "humidity": 51.5,
            "temperature": 19.2,
            "co2": 536.0
        },
        "5": {
            "humidity": 52.5,
            "temperature": 19.3,
            "co2": 633.0
        },
        "6": {
            "humidity": 56.0,
            "temperature": 20.6,
            "co2": 524.0
        }
    },
    "Local-velo": {
        "0": {
            "humidity": 62.5,
            "temperature": 16.4,
            "co2": 435.0
        },
        "1": {
            "humidity": 58.0,
            "temperature": 16.7,
            "co2": 432.0
        },
        "2": {
            "humidity": 61.5,
            "temperature": 16.2,
            "co2": 431.0
        },
        "3": {
            "humidity": 61.5,
            "temperature": 16.0,
            "co2": 433.0
        },
        "4": {
            "humidity": 62.0,
            "temperature": 15.9,
            "co2": 435.0
        },
        "5": {
            "humidity": 49.5,
            "temperature": 24.1,
            "co2": 422.0
        }
    },
    "B201": {
        "0": {
            "humidity": 58.0,
            "temperature": 22.2,
            "co2": 1981.0
        },
        "1": {
            "humidity": 52.0,
            "temperature": 21.1,
            "co2": 973.0
        },
        "2": {
            "humidity": 52.0,
            "temperature": 21.2,
            "co2": 1016.0
        },
        "3": {
            "humidity": 51.5,
            "temperature": 21.2,
            "co2": 947.0
        },
        "4": {
            "humidity": 51.5,
            "temperature": 21.2,
            "co2": 900.0
        },
        "5": {
            "humidity": 51.0,
            "temperature": 21.2,
            "co2": 876.0
        },
        "6": {
            "humidity": 62.5,
            "temperature": 20.6,
            "co2": 1256.0
        }
    },
    "C001": {
        "0": {
            "humidity": 43.0,
            "temperature": 22.5,
            "co2": 509.0
        },
        "1": {
            "humidity": 43.0,
            "temperature": 22.5,
            "co2": 512.0
        },
        "2": {
            "humidity": 43.0,
            "temperature": 22.5,
            "co2": 507.0
        },
        "3": {
            "humidity": 43.0,
            "temperature": 22.5,
            "co2": 515.0
        },
        "4": {
            "humidity": 43.0,
            "temperature": 22.5,
            "co2": 501.0
        },
        "5": {
            "humidity": 43.0,
            "temperature": 22.5,
            "co2": 506.0
        },
        "6": {
            "humidity": 45.0,
            "temperature": 22.7,
            "co2": 476.0
        }
    },
    "B109": {
        "0": {
            "humidity": 53.5,
            "temperature": 18.3,
            "co2": 494.0
        },
        "1": {
            "humidity": 52.5,
            "temperature": 18.6,
            "co2": 497.0
        },
        "2": {
            "humidity": 52.5,
            "temperature": 18.5,
            "co2": 496.0
        },
        "3": {
            "humidity": 52.0,
            "temperature": 18.5,
            "co2": 500.0
        },
        "4": {
            "humidity": 52.0,
            "temperature": 18.6,
            "co2": 505.0
        },
        "5": {
            "humidity": 52.0,
            "temperature": 18.5,
            "co2": 524.0
        },
        "6": {
            "humidity": 56.0,
            "temperature": 21.8,
            "co2": 1317.0
        }
    },
    "B002": {
        "0": {
            "humidity": 61.5,
            "temperature": 19.6,
            "co2": 3611.0
        },
        "1": {
            "humidity": 58.0,
            "temperature": 19.1,
            "co2": 2571.0
        },
        "2": {
            "humidity": 58.0,
            "temperature": 19.1,
            "co2": 2603.0
        },
        "3": {
            "humidity": 58.0,
            "temperature": 19.1,
            "co2": 2641.0
        },
        "4": {
            "humidity": 58.5,
            "temperature": 19.0,
            "co2": 2807.0
        },
        "5": {
            "humidity": 59.0,
            "temperature": 19.0,
            "co2": 2936.0
        },
        "6": {
            "humidity": 59.5,
            "temperature": 18.5,
            "co2": 1927.0
        }
    },
    "Salle-conseil": {
        "0": {
            "humidity": 50.0,
            "temperature": 20.3,
            "co2": 526.0
        },
        "1": {
            "humidity": 49.0,
            "temperature": 20.2,
            "co2": 538.0
        },
        "2": {
            "humidity": 49.0,
            "temperature": 20.2,
            "co2": 547.0
        },
        "3": {
            "humidity": 49.5,
            "temperature": 20.2,
            "co2": 563.0
        },
        "4": {
            "humidity": 49.5,
            "temperature": 20.1,
            "co2": 572.0
        },
        "5": {
            "humidity": 49.5,
            "temperature": 20.1,
            "co2": 579.0
        },
        "6": {
            "humidity": 50.0,
            "temperature": 23.1,
            "co2": 511.0
        }
    },
    "Foyer-etudiants-entrée": {
        "0": {
            "humidity": 59.0,
            "temperature": 48.7,
            "co2": 834.0
        },
        "1": {
            "humidity": 55.0,
            "temperature": 49.0,
            "co2": 702.0
        },
        "2": {
            "humidity": 55.0,
            "temperature": 49.0,
            "co2": 764.0
        },
        "3": {
            "humidity": 55.0,
            "temperature": 49.0,
            "co2": 764.0
        },
        "4": {
            "humidity": 55.5,
            "temperature": 49.0,
            "co2": 780.0
        },
        "5": {
            "humidity": 55.5,
            "temperature": 49.0,
            "co2": 780.0
        },
        "6": {
            "humidity": 55.0,
            "temperature": 49.0,
            "co2": 765.0
        },
        "7": {
            "humidity": 55.0,
            "temperature": 49.0,
            "co2": 705.0
        },
        "8": {
            "humidity": 55.0,
            "temperature": 49.0,
            "co2": 705.0
        },
        "9": {
            "humidity": 64.5,
            "temperature": 51.1,
            "co2": 1968.0
        },
        "10": {
            "humidity": 64.5,
            "temperature": 51.1,
            "co2": 1968.0
        }
    },
    "C101": {
        "0": {
            "humidity": 50.5,
            "temperature": 20.3,
            "co2": 553.0
        },
        "1": {
            "humidity": 49.5,
            "temperature": 20.2,
            "co2": 515.0
        },
        "2": {
            "humidity": 50.0,
            "temperature": 20.2,
            "co2": 504.0
        },
        "3": {
            "humidity": 50.0,
            "temperature": 20.2,
            "co2": 533.0
        },
        "4": {
            "humidity": 50.0,
            "temperature": 20.3,
            "co2": 582.0
        },
        "5": {
            "humidity": 50.5,
            "temperature": 20.3,
            "co2": 598.0
        }
    },
    "B105": {
        "0": {
            "humidity": 60.5,
            "temperature": 22.0,
            "co2": 2640.0
        },
        "1": {
            "humidity": 57.0,
            "temperature": 21.2,
            "co2": 1617.0
        },
        "2": {
            "humidity": 57.0,
            "temperature": 21.2,
            "co2": 1618.0
        },
        "3": {
            "humidity": 57.0,
            "temperature": 21.2,
            "co2": 1618.0
        },
        "4": {
            "humidity": 57.0,
            "temperature": 21.2,
            "co2": 1606.0
        },
        "5": {
            "humidity": 57.0,
            "temperature": 21.2,
            "co2": 1606.0
        },
        "6": {
            "humidity": 56.5,
            "temperature": 21.2,
            "co2": 1513.0
        },
        "7": {
            "humidity": 56.0,
            "temperature": 21.2,
            "co2": 1477.0
        },
        "8": {
            "humidity": 56.5,
            "temperature": 19.6,
            "co2": 800.0
        },
        "9": {
            "humidity": 56.5,
            "temperature": 19.6,
            "co2": 800.0
        }
    },
    "E100": {
        "0": {
            "humidity": 38.0,
            "temperature": 24.8,
            "co2": 528.0
        },
        "1": {
            "humidity": 37.5,
            "temperature": 24.9,
            "co2": 504.0
        },
        "2": {
            "humidity": 37.0,
            "temperature": 25.1,
            "co2": 481.0
        },
        "3": {
            "humidity": 37.5,
            "temperature": 24.8,
            "co2": 469.0
        },
        "4": {
            "humidity": 37.0,
            "temperature": 24.9,
            "co2": 460.0
        },
        "5": {
            "humidity": 43.0,
            "temperature": 24.2,
            "co2": 602.0
        },
        "6": {
            "humidity": 41.0,
            "temperature": 25.0,
            "co2": 495.0
        },
        "7": {
            "humidity": 41.5,
            "temperature": 24.7,
            "co2": 478.0
        }
    },
    "C006": {
        "0": {
            "humidity": 55.0,
            "temperature": 18.6,
            "co2": 500.0
        },
        "1": {
            "humidity": 55.0,
            "temperature": 18.6,
            "co2": 493.0
        },
        "2": {
            "humidity": 55.0,
            "temperature": 18.6,
            "co2": 495.0
        },
        "3": {
            "humidity": 55.0,
            "temperature": 18.6,
            "co2": 494.0
        },
        "4": {
            "humidity": 55.0,
            "temperature": 18.6,
            "co2": 490.0
        },
        "5": {
            "humidity": 59.5,
            "temperature": 17.8,
            "co2": 423.0
        },
        "6": {
            "humidity": 60.0,
            "temperature": 17.8,
            "co2": 426.0
        },
        "7": {
            "humidity": 60.0,
            "temperature": 17.9,
            "co2": 424.0
        }
    },
    "hall-amphi": {
        "0": {
            "humidity": 51.5,
            "temperature": 19.8,
            "co2": 527.0
        },
        "1": {
            "humidity": 51.5,
            "temperature": 19.8,
            "co2": 558.0
        },
        "2": {
            "humidity": 52.0,
            "temperature": 19.8,
            "co2": 587.0
        },
        "3": {
            "humidity": 52.0,
            "temperature": 19.9,
            "co2": 631.0
        },
        "4": {
            "humidity": 52.0,
            "temperature": 19.8,
            "co2": 617.0
        },
        "5": {
            "humidity": 57.5,
            "temperature": 19.7,
            "co2": 590.0
        },
        "6": {
            "humidity": 58.5,
            "temperature": 20.2,
            "co2": 843.0
        }
    },
    "E102": {
        "0": {
            "humidity": 48.5,
            "temperature": 19.5,
            "co2": 451.0
        },
        "1": {
            "humidity": 48.5,
            "temperature": 19.5,
            "co2": 442.0
        },
        "2": {
            "humidity": 48.5,
            "temperature": 19.5,
            "co2": 435.0
        },
        "3": {
            "humidity": 48.5,
            "temperature": 19.4,
            "co2": 427.0
        },
        "4": {
            "humidity": 55.0,
            "temperature": 20.5,
            "co2": 441.0
        },
        "5": {
            "humidity": 54.5,
            "temperature": 20.7,
            "co2": 445.0
        }
    },
    "E103": {
        "0": {
            "humidity": 49.5,
            "temperature": 18.7,
            "co2": 447.0
        },
        "1": {
            "humidity": 49.5,
            "temperature": 18.7,
            "co2": 452.0
        },
        "2": {
            "humidity": 50.0,
            "temperature": 18.7,
            "co2": 445.0
        },
        "3": {
            "humidity": 49.5,
            "temperature": 18.6,
            "co2": 441.0
        },
        "4": {
            "humidity": 57.0,
            "temperature": 19.0,
            "co2": 478.0
        },
        "5": {
            "humidity": 56.0,
            "temperature": 20.0,
            "co2": 459.0
        }
    },
    "B110": {
        "0": {
            "humidity": 51.5,
            "temperature": 19.0,
            "co2": 423.0
        },
        "1": {
            "humidity": 51.5,
            "temperature": 19.1,
            "co2": 444.0
        },
        "2": {
            "humidity": 52.0,
            "temperature": 19.1,
            "co2": 561.0
        },
        "3": {
            "humidity": 52.5,
            "temperature": 19.2,
            "co2": 635.0
        },
        "4": {
            "humidity": 52.5,
            "temperature": 19.3,
            "co2": 685.0
        },
        "5": {
            "humidity": 59.5,
            "temperature": 20.2,
            "co2": 1533.0
        },
        "6": {
            "humidity": 59.0,
            "temperature": 21.1,
            "co2": 1439.0
        },
        "7": {
            "humidity": 59.0,
            "temperature": 21.2,
            "co2": 1511.0
        }
    },
    "hall-entrée-principale": {
        "0": {
            "humidity": 49.5,
            "temperature": 20.0,
            "co2": 469.0
        },
        "1": {
            "humidity": 49.5,
            "temperature": 19.9,
            "co2": 501.0
        },
        "2": {
            "humidity": 50.0,
            "temperature": 20.1,
            "co2": 524.0
        },
        "3": {
            "humidity": 50.0,
            "temperature": 20.1,
            "co2": 548.0
        },
        "4": {
            "humidity": 50.0,
            "temperature": 20.1,
            "co2": 563.0
        },
        "5": {
            "humidity": 54.5,
            "temperature": 20.2,
            "co2": 521.0
        },
        "6": {
            "humidity": 56.0,
            "temperature": 20.5,
            "co2": 704.0
        },
        "7": {
            "humidity": 56.0,
            "temperature": 20.5,
            "co2": 743.0
        }
    },
    "B106": {
        "0": {
            "humidity": 59.0,
            "temperature": 19.7,
            "co2": 1182.0
        },
        "1": {
            "humidity": 59.5,
            "temperature": 19.7,
            "co2": 1210.0
        },
        "2": {
            "humidity": 59.5,
            "temperature": 19.8,
            "co2": 1272.0
        },
        "3": {
            "humidity": 60.0,
            "temperature": 19.9,
            "co2": 1333.0
        },
        "4": {
            "humidity": 60.0,
            "temperature": 19.9,
            "co2": 1375.0
        },
        "5": {
            "humidity": 58.5,
            "temperature": 18.6,
            "co2": 555.0
        },
        "6": {
            "humidity": 60.5,
            "temperature": 19.2,
            "co2": 1091.0
        },
        "7": {
            "humidity": 61.0,
            "temperature": 19.4,
            "co2": 1212.0
        }
    }
}